position,entry_time,exit_time,duration,color
"(267, 434)",1718177019.71,1718177022.25,2.53,Gray
"(1014, 256)",1718177019.71,1718177022.54,2.83,Blue
"(858, 174)",1718177019.71,1718177022.83,3.12,Green
"(949, 215)",1718177020.26,1718177024.81,4.54,White
"(266, 461)",1718177022.25,1718177025.09,2.84,Blue
"(857, 128)",1718177023.96,1718177026.77,2.81,White
"(859, 419)",1718177018.71,1718177026.77,8.06,Red
"(555, 297)",1718177019.71,1718177026.77,7.06,Red
"(949, 277)",1718177019.44,1718177027.09,7.65,Red
"(266, 571)",1718177018.6,1718177027.67,9.07,Red
"(674, 264)",1718177022.54,1718177027.97,5.42,White
"(950, 292)",1718177026.49,1718177028.54,2.05,Red
"(1014, 302)",1718177027.39,1718177029.71,2.32,White
"(555, 297)",1718177027.09,1718177029.71,2.63,Red
"(923, 323)",1718177019.71,1718177030.55,10.84,White
"(949, 277)",1718177027.39,1718177031.11,3.72,Red
"(266, 461)",1718177028.54,1718177032.82,4.29,Gray
"(739, 481)",1718177018.71,1718177033.11,14.4,Red
"(949, 215)",1718177031.11,1718177033.97,2.85,Gray
"(830, 219)",1718177018.71,1718177033.97,15.25,Blue
"(857, 128)",1718177031.95,1718177034.26,2.3,Red
"(555, 297)",1718177031.11,1718177035.1,3.99,Red
"(1107, 117)",1718177019.71,1718177035.94,16.23,White
"(766, 481)",1718177031.67,1718177037.06,5.38,Blue
"(266, 461)",1718177033.41,1718177037.06,3.65,Gray
"(267, 434)",1718177026.49,1718177038.76,12.27,Gray
"(950, 262)",1718177018.93,1718177039.03,20.1,Blue
"(857, 159)",1718177036.78,1718177039.33,2.55,Gray
"(1107, 117)",1718177037.34,1718177040.15,2.81,White
"(857, 204)",1718177019.44,1718177040.15,20.71,Red
"(674, 264)",1718177031.95,1718177040.15,8.2,White
"(1014, 256)",1718177038.18,1718177040.44,2.26,Violet
"(857, 128)",1718177034.83,1718177040.72,5.89,White
"(553, 266)",1718177018.93,1718177040.72,21.79,Violet
"(830, 219)",1718177035.94,1718177041.55,5.61,Blue
"(949, 215)",1718177039.87,1718177042.67,2.8,White
"(949, 277)",1718177033.41,1718177042.95,9.55,Green
"(949, 277)",1718177043.24,1718177046.31,3.07,White
"(833, 604)",1718177019.71,1718177047.15,27.43,Green
"(645, 450)",1718177039.87,1718177047.15,7.27,White
"(1107, 117)",1718177041.83,1718177047.43,5.59,White
"(857, 204)",1718177046.59,1718177048.83,2.24,Red
"(949, 277)",1718177046.87,1718177049.68,2.81,White
"(555, 297)",1718177038.76,1718177049.68,10.92,Red
"(171, 522)",1718177018.71,1718177049.68,30.97,Blue
"(674, 264)",1718177043.24,1718177051.35,8.11,White
"(266, 461)",1718177037.89,1718177051.35,13.46,Gray
"(1014, 240)",1718177018.71,1718177052.21,33.5,Gray
"(765, 112)",1718177018.71,1718177052.21,33.5,White
"(949, 215)",1718177043.51,1718177053.62,10.1,White
"(581, 514)",1718177053.06,1718177055.33,2.27,Green
"(857, 159)",1718177039.87,1718177056.75,16.88,Blue
"(949, 215)",1718177054.17,1718177057.03,2.86,White
"(1107, 117)",1718177047.71,1718177058.14,10.43,White
"(857, 128)",1718177049.68,1718177058.71,9.03,Red
"(645, 465)",1718177018.71,1718177059.55,40.84,Red
"(857, 204)",1718177058.71,1718177061.22,2.51,Red
"(645, 450)",1718177059.0,1718177062.88,3.89,White
"(949, 215)",1718177059.0,1718177063.16,4.16,White
"(857, 128)",1718177061.22,1718177063.44,2.22,Red
"(949, 277)",1718177055.91,1718177064.26,8.35,Green
"(857, 204)",1718177062.32,1718177065.1,2.78,Red
"(674, 310)",1718177019.71,1718177068.5,48.78,Red
"(1014, 256)",1718177066.81,1718177070.7,3.89,Violet
"(950, 231)",1718177018.71,1718177070.97,52.26,White
"(857, 204)",1718177067.09,1718177071.25,4.16,Red
"(645, 450)",1718177069.05,1718177071.25,2.2,White
"(949, 215)",1718177064.26,1718177071.53,7.27,Red
"(949, 277)",1718177065.38,1718177072.36,6.98,Green
"(857, 159)",1718177069.88,1718177073.2,3.32,Blue
"(1014, 302)",1718177064.54,1718177074.02,9.48,White
"(923, 323)",1718177030.83,1718177074.3,43.47,White
"(487, 367)",1718177018.71,1718177076.01,57.3,Blue
"(857, 159)",1718177073.76,1718177076.85,3.1,Red
"(674, 310)",1718177069.05,1718177077.42,8.36,Red
"(171, 506)",1718177018.6,1718177079.36,60.76,Red
"(833, 604)",1718177047.99,1718177080.49,32.5,Green
"(857, 128)",1718177066.52,1718177080.49,13.97,Red
"(581, 499)",1718177074.58,1718177080.49,5.91,Blue
"(857, 204)",1718177078.54,1718177081.6,3.05,Red
"(924, 525)",1718177018.71,1718177083.28,64.57,Blue
"(861, 604)",1718177018.71,1718177083.28,64.57,Black
"(858, 174)",1718177023.96,1718177083.56,59.59,Green
"(949, 277)",1718177074.3,1718177084.4,10.09,Green
"(949, 215)",1718177074.02,1718177085.51,11.49,Red
"(266, 461)",1718177081.6,1718177087.21,5.61,Gray
"(99, 560)",1718177018.6,1718177089.16,70.56,White
"(949, 277)",1718177084.95,1718177089.44,4.49,Green
"(830, 234)",1718177018.71,1718177091.67,72.95,Blue
"(645, 450)",1718177072.63,1718177091.67,19.03,White
"(923, 323)",1718177075.16,1718177091.95,16.79,Red
"(581, 499)",1718177083.0,1718177092.23,9.23,Gray
"(950, 111)",1718177018.93,1718177092.5,73.57,Red
"(765, 204)",1718177019.18,1718177092.5,73.32,White
"(646, 249)",1718177019.18,1718177092.5,73.32,White
"(948, 141)",1718177018.93,1718177092.79,73.85,Red
"(674, 310)",1718177077.97,1718177093.07,15.1,Red
"(1040, 165)",1718177019.71,1718177093.35,73.64,White
"(1041, 271)",1718177018.93,1718177093.35,74.42,Green
"(295, 462)",1718177091.67,1718177094.19,2.52,Green
"(646, 419)",1718177018.6,1718177094.46,75.86,White
"(384, 586)",1718177019.71,1718177094.46,74.75,White
"(858, 174)",1718177092.5,1718177095.28,2.78,Red
"(857, 159)",1718177093.35,1718177095.55,2.2,Red
"(1014, 256)",1718177073.76,1718177095.82,22.06,Blue
"(645, 450)",1718177093.63,1718177095.82,2.19,White
"(1040, 165)",1718177093.63,1718177096.37,2.74,White
"(950, 111)",1718177093.35,1718177096.92,3.57,Red
"(1108, 210)",1718177019.44,1718177097.18,77.74,Red
"(765, 204)",1718177094.19,1718177097.45,3.26,White
"(674, 310)",1718177095.28,1718177099.07,3.78,White
"(1042, 348)",1718177096.92,1718177099.61,2.69,Red
"(923, 323)",1718177097.98,1718177100.15,2.17,Red
"(645, 450)",1718177098.25,1718177100.71,2.46,White
"(1014, 256)",1718177096.1,1718177101.25,5.15,Blue
"(384, 586)",1718177099.07,1718177102.05,2.99,Red
"(674, 264)",1718177100.15,1718177102.59,2.44,Gray
"(1042, 348)",1718177101.25,1718177103.94,2.69,Red
"(1108, 210)",1718177100.43,1718177103.94,3.51,Red
"(646, 496)",1718177018.71,1718177104.49,85.78,White
"(645, 450)",1718177104.75,1718177107.73,2.98,White
"(1108, 210)",1718177106.38,1718177109.08,2.7,Red
"(1014, 256)",1718177102.59,1718177110.72,8.13,Blue
"(1042, 348)",1718177106.66,1718177110.72,4.06,Red
"(923, 323)",1718177103.13,1718177110.72,7.59,Red
"(857, 250)",1718177101.79,1718177111.25,9.46,Blue
"(384, 586)",1718177108.81,1718177112.95,4.14,Red
"(674, 264)",1718177102.86,1718177113.22,10.35,Gray
"(581, 342)",1718177018.71,1718177113.48,94.77,Red
"(1108, 210)",1718177112.4,1718177114.82,2.42,Red
"(1042, 348)",1718177112.13,1718177115.08,2.95,Red
"(922, 215)",1718177018.71,1718177115.61,96.9,Red
"(646, 496)",1718177112.68,1718177115.89,3.22,White
"(857, 159)",1718177096.1,1718177116.43,20.34,Gray
"(674, 310)",1718177114.82,1718177116.97,2.15,Red
"(384, 586)",1718177114.29,1718177117.51,3.22,White
"(1108, 210)",1718177115.35,1718177118.89,3.55,Red
"(294, 586)",1718177018.6,1718177119.99,101.39,White
"(923, 323)",1718177111.51,1718177121.05,9.54,Red
"(384, 586)",1718177117.77,1718177122.13,4.36,Red
"(830, 295)",1718177018.93,1718177122.97,104.04,White
"(581, 342)",1718177119.99,1718177124.31,4.31,Red
"(832, 558)",1718177018.71,1718177124.58,105.87,Blue
"(1014, 317)",1718177018.71,1718177125.97,107.26,Red
"(1108, 210)",1718177124.03,1718177126.51,2.48,Red
"(581, 342)",1718177124.58,1718177126.77,2.19,Red
"(459, 384)",1718177018.6,1718177127.57,108.97,Gray
"(1041, 271)",1718177094.19,1718177128.66,34.47,Green
"(923, 323)",1718177125.67,1718177128.66,2.98,Red
"(295, 462)",1718177125.67,1718177128.66,2.98,Blue
"(830, 295)",1718177123.24,1718177128.94,5.7,White
"(674, 310)",1718177121.59,1718177131.1,9.51,White
"(384, 586)",1718177128.94,1718177131.37,2.43,Red
"(739, 310)",1718177018.71,1718177131.91,113.2,Red
"(1108, 210)",1718177127.31,1718177132.72,5.41,Red
"(923, 323)",1718177128.94,1718177134.09,5.15,Red
"(267, 434)",1718177039.03,1718177135.43,96.39,Gray
"(674, 264)",1718177113.48,1718177138.63,25.15,White
"(923, 323)",1718177134.35,1718177138.89,4.54,Red
"(1041, 271)",1718177128.94,1718177139.69,10.75,Green
"(1014, 256)",1718177112.4,1718177141.82,29.42,Gray
"(923, 323)",1718177139.96,1718177142.1,2.14,Red
"(553, 545)",1718177018.6,1718177142.38,123.77,Black
"(949, 215)",1718177140.74,1718177144.01,3.27,White
"(1042, 348)",1718177141.28,1718177145.14,3.87,Red
"(674, 310)",1718177131.37,1718177145.14,13.78,White
"(384, 586)",1718177142.66,1718177145.14,2.49,Red
"(1014, 256)",1718177144.57,1718177146.77,2.2,Violet
"(674, 264)",1718177141.28,1718177147.59,6.31,White
"(858, 174)",1718177096.92,1718177147.85,50.94,Green
"(294, 433)",1718177018.6,1718177150.07,131.46,Blue
"(1014, 256)",1718177147.31,1718177150.88,3.57,Blue
"(460, 429)",1718177018.6,1718177151.46,132.85,Blue
"(923, 323)",1718177145.14,1718177151.75,6.61,Red
"(459, 384)",1718177149.48,1718177151.75,2.27,Blue
"(949, 215)",1718177146.49,1718177152.29,5.8,Red
"(581, 342)",1718177148.66,1718177152.84,4.17,Red
"(923, 430)",1718177018.71,1718177154.73,136.01,Blue
"(267, 434)",1718177139.43,1718177155.53,16.11,Blue
"(739, 356)",1718177018.71,1718177156.06,137.35,Red
"(923, 323)",1718177152.56,1718177159.08,6.52,Red
"(922, 200)",1718177018.93,1718177160.97,142.03,Red
"(1042, 348)",1718177158.79,1718177161.78,2.99,Red
"(859, 419)",1718177148.66,1718177164.28,15.62,Red
"(674, 264)",1718177148.66,1718177164.55,15.88,White
"(949, 215)",1718177159.91,1718177165.09,5.18,Red
"(1014, 302)",1718177125.13,1718177165.63,40.5,White
"(1040, 165)",1718177098.53,1718177165.9,67.37,White
"(830, 295)",1718177131.91,1718177166.18,34.27,White
"(1014, 256)",1718177151.46,1718177166.45,14.99,Violet
"(674, 310)",1718177151.17,1718177166.45,15.27,Red
"(674, 264)",1718177164.82,1718177166.99,2.16,White
"(950, 111)",1718177097.18,1718177167.52,70.34,Red
"(1041, 271)",1718177141.28,1718177168.06,26.79,Green
"(766, 465)",1718177018.93,1718177168.32,149.39,Red
"(923, 323)",1718177161.51,1718177168.59,7.08,Red
"(949, 186)",1718177018.93,1718177168.59,149.66,Red
"(831, 388)",1718177018.93,1718177169.38,150.45,Black
"(765, 204)",1718177097.98,1718177169.93,71.95,White
"(949, 307)",1718177018.71,1718177170.72,152.01,Red
"(738, 157)",1718177018.93,1718177170.98,152.05,Red
"(266, 509)",1718177018.71,1718177170.98,152.27,Black
"(581, 342)",1718177162.92,1718177171.51,8.59,Red
"(647, 341)",1718177018.93,1718177171.77,152.84,White
"(1014, 302)",1718177167.8,1718177172.13,4.33,White
"(295, 478)",1718177168.06,1718177172.66,4.6,White
"(1012, 195)",1718177169.93,1718177173.19,3.26,White
"(1108, 210)",1718177166.18,1718177175.29,9.12,Red
"(923, 323)",1718177173.19,1718177175.29,2.1,Red
"(765, 204)",1718177171.51,1718177175.55,4.04,Red
"(95, 623)",1718177018.71,1718177176.34,157.63,White
"(948, 126)",1718177018.71,1718177176.87,158.15,Red
"(923, 430)",1718177174.76,1718177178.43,3.67,Green
"(1014, 256)",1718177175.02,1718177178.94,3.92,Violet
"(294, 586)",1718177176.87,1718177178.94,2.07,Red
"(766, 295)",1718177018.71,1718177179.73,161.02,White
"(921, 140)",1718177018.93,1718177180.8,161.86,Red
"(923, 323)",1718177179.2,1718177182.66,3.45,Red
"(923, 323)",1718177184.14,1718177188.16,4.02,Red
"(1012, 195)",1718177185.47,1718177188.42,2.95,White
"(580, 281)",1718177019.18,1718177188.94,169.76,White
"(1012, 210)",1718177018.93,1718177190.77,171.84,Gray
"(1108, 210)",1718177176.34,1718177191.28,14.94,Red
"(921, 140)",1718177183.57,1718177191.28,7.72,Red
"(923, 323)",1718177188.42,1718177191.28,2.86,Red
"(923, 430)",1718177182.39,1718177191.28,8.89,Green
"(1012, 195)",1718177189.47,1718177192.62,3.14,White
"(581, 468)",1718177018.71,1718177193.73,175.02,Red
"(581, 499)",1718177191.28,1718177194.82,3.53,Gray
"(921, 140)",1718177191.82,1718177195.34,3.52,Red
"(921, 140)",1718177195.6,1718177197.99,2.38,Red
"(674, 233)",1718177193.73,1718177197.99,4.25,White
"(766, 295)",1718177182.13,1718177200.12,18.0,White
"(923, 323)",1718177192.36,1718177200.4,8.04,Red
"(674, 233)",1718177198.26,1718177200.71,2.44,White
"(1040, 225)",1718177018.71,1718177200.99,182.27,Red
"(832, 542)",1718177018.71,1718177202.34,183.63,Red
"(358, 396)",1718177018.93,1718177203.13,184.2,Blue
"(1012, 195)",1718177194.82,1718177203.4,8.58,White
"(859, 496)",1718177019.18,1718177203.4,184.22,White
"(487, 353)",1718177018.93,1718177205.5,186.57,White
"(766, 295)",1718177200.71,1718177206.85,6.14,White
"(675, 449)",1718177018.93,1718177208.22,189.28,Black
"(487, 353)",1718177207.41,1718177209.94,2.53,White
"(923, 323)",1718177200.71,1718177210.53,9.83,Red
"(924, 445)",1718177018.71,1718177210.53,191.82,Green
"(645, 450)",1718177206.85,1718177210.53,3.68,Blue
"(765, 204)",1718177181.85,1718177213.41,31.56,Red
"(858, 311)",1718177018.71,1718177215.43,196.72,Gray
"(1014, 302)",1718177211.46,1718177216.55,5.09,White
"(921, 140)",1718177202.08,1718177216.55,14.47,Red
"(295, 478)",1718177214.01,1718177217.09,3.08,Blue
"(1107, 180)",1718177216.26,1718177219.29,3.03,Red
"(923, 323)",1718177218.47,1718177220.94,2.47,Red
"(95, 623)",1718177218.47,1718177221.22,2.75,White
"(1107, 180)",1718177220.94,1718177223.93,2.99,Gray
"(1111, 547)",1718177018.71,1718177224.46,205.75,Blue
"(1012, 195)",1718177203.92,1718177225.02,21.1,White
"(858, 449)",1718177018.71,1718177225.02,206.31,Red
"(765, 204)",1718177213.71,1718177228.04,14.33,Red
"(766, 311)",1718177018.6,1718177228.32,209.71,Blue
"(673, 187)",1718177018.71,1718177229.45,210.74,Red
"(924, 461)",1718177018.71,1718177230.26,211.55,Blue
"(487, 353)",1718177210.23,1718177230.8,20.58,White
"(1014, 302)",1718177220.12,1718177231.35,11.23,White
"(458, 477)",1718177018.71,1718177231.35,212.63,Black
"(581, 499)",1718177226.94,1718177231.63,4.68,Gray
"(200, 522)",1718177018.6,1718177231.63,213.02,Red
"(1014, 256)",1718177226.94,1718177232.2,5.26,Violet
"(738, 157)",1718177228.9,1718177233.31,4.41,Red
"(674, 233)",1718177222.04,1718177235.54,13.5,White
"(674, 264)",1718177171.51,1718177235.8,64.29,White
"(1014, 302)",1718177233.57,1718177236.6,3.03,White
"(95, 623)",1718177235.27,1718177237.42,2.15,White
"(858, 449)",1718177232.2,1718177238.53,6.33,Red
"(767, 387)",1718177018.71,1718177238.79,220.08,White
"(553, 483)",1718177018.71,1718177238.79,220.08,Unknown
"(738, 157)",1718177235.8,1718177239.07,3.27,Red
"(266, 493)",1718177018.93,1718177239.88,220.95,Gray
"(1012, 195)",1718177226.94,1718177240.15,13.21,White
"(294, 555)",1718177018.93,1718177240.15,221.22,White
"(487, 353)",1718177231.35,1718177240.42,9.07,Red
"(1108, 210)",1718177191.56,1718177240.96,49.4,Red
"(555, 297)",1718177049.96,1718177240.96,191.01,Red
"(766, 465)",1718177169.12,1718177241.51,72.39,Red
"(949, 307)",1718177170.98,1718177241.79,70.8,Red
"(674, 264)",1718177237.97,1718177242.05,4.08,White
"(1014, 302)",1718177237.14,1718177242.31,5.17,White
"(172, 569)",1718177018.6,1718177242.31,223.71,White
"(384, 586)",1718177240.15,1718177242.57,2.42,White
"(266, 586)",1718177018.71,1718177242.57,223.86,Red
"(948, 141)",1718177093.07,1718177242.84,149.77,Red
"(457, 554)",1718177018.6,1718177243.12,224.52,Red
"(646, 496)",1718177122.13,1718177243.41,121.28,Blue
"(949, 186)",1718177170.19,1718177243.67,73.48,Red
"(581, 342)",1718177171.77,1718177243.67,71.9,Red
"(765, 204)",1718177239.07,1718177244.2,5.13,Red
"(923, 430)",1718177222.84,1718177244.73,21.89,Gray
"(1040, 165)",1718177242.31,1718177244.99,2.68,White
"(487, 414)",1718177018.71,1718177244.99,226.28,White
"(738, 187)",1718177019.18,1718177245.54,226.36,Red
"(171, 600)",1718177018.6,1718177246.65,228.05,White
"(459, 384)",1718177168.06,1718177247.47,79.41,White
"(923, 323)",1718177233.31,1718177247.73,14.43,Red
"(294, 586)",1718177179.46,1718177248.52,69.06,Blue
"(1014, 256)",1718177245.82,1718177249.29,3.47,Gray
"(1040, 165)",1718177246.37,1718177249.54,3.17,White
"(923, 430)",1718177245.28,1718177249.54,4.26,Gray
"(1042, 348)",1718177248.78,1718177250.87,2.09,Red
"(487, 353)",1718177248.52,1718177250.87,2.35,Red
"(294, 555)",1718177248.52,1718177252.47,3.95,White
"(674, 233)",1718177246.1,1718177253.09,6.99,Gray
"(949, 186)",1718177249.84,1718177253.62,3.78,Red
"(1042, 348)",1718177251.14,1718177254.48,3.34,Red
"(100, 513)",1718177018.71,1718177254.74,236.03,Red
"(830, 295)",1718177166.72,1718177256.35,89.63,Blue
"(384, 586)",1718177254.22,1718177256.89,2.66,Red
"(1040, 165)",1718177254.48,1718177258.22,3.75,White
"(1014, 256)",1718177253.89,1718177258.75,4.86,Blue
"(171, 600)",1718177250.35,1718177259.79,9.44,White
"(460, 399)",1718177018.71,1718177260.58,241.87,Red
"(384, 586)",1718177257.68,1718177260.58,2.91,White
"(766, 465)",1718177252.21,1718177261.66,9.45,Red
"(581, 499)",1718177246.65,1718177263.01,16.36,Gray
"(171, 538)",1718177018.6,1718177263.01,244.41,White
"(1042, 348)",1718177260.32,1718177263.55,3.24,Red
"(1014, 302)",1718177243.41,1718177264.66,21.25,White
"(674, 233)",1718177261.66,1718177265.49,3.83,White
"(171, 600)",1718177260.32,1718177265.49,5.17,White
"(1014, 256)",1718177262.74,1718177266.63,3.89,Blue
"(859, 480)",1718177018.71,1718177266.93,248.22,Red
"(1107, 150)",1718177263.85,1718177267.72,3.87,Red
"(830, 295)",1718177256.89,1718177268.03,11.14,White
"(459, 493)",1718177018.6,1718177268.03,249.43,Blue
"(766, 526)",1718177261.66,1718177268.37,6.71,Red
"(460, 399)",1718177265.77,1718177268.65,2.88,Red
"(859, 480)",1718177267.19,1718177269.98,2.78,Red
"(1042, 348)",1718177264.92,1718177271.08,6.16,Red
"(294, 524)",1718177018.71,1718177272.69,253.97,Blue
"(1043, 438)",1718177018.71,1718177273.22,254.5,Red
"(831, 310)",1718177018.93,1718177273.22,254.29,Red
"(830, 295)",1718177271.37,1718177274.29,2.92,White
"(1014, 256)",1718177269.71,1718177274.86,5.15,Blue
"(766, 526)",1718177272.95,1718177275.14,2.19,Red
"(1042, 348)",1718177271.37,1718177275.66,4.29,Red
"(1014, 302)",1718177264.92,1718177275.93,11.01,White
"(1040, 165)",1718177271.9,1718177275.93,4.03,White
"(1014, 256)",1718177275.14,1718177277.63,2.5,Blue
"(675, 496)",1718177018.71,1718177277.63,258.92,Green
"(294, 586)",1718177261.66,1718177278.49,16.83,Red
"(859, 511)",1718177018.71,1718177279.31,260.6,Green
"(1014, 302)",1718177276.78,1718177279.59,2.81,White
"(1040, 165)",1718177277.06,1718177279.59,2.52,White
"(1041, 302)",1718177018.71,1718177279.87,261.15,Red
"(949, 307)",1718177278.21,1718177280.92,2.71,Red
"(674, 264)",1718177244.46,1718177280.92,36.46,White
"(460, 399)",1718177275.4,1718177280.92,5.52,Red
"(487, 353)",1718177261.66,1718177281.2,19.54,Red
"(674, 310)",1718177275.66,1718177281.46,5.8,Gray
"(1014, 256)",1718177277.93,1718177281.76,3.83,Violet
"(1042, 348)",1718177280.65,1718177284.43,3.78,Red
"(384, 586)",1718177272.42,1718177284.7,12.28,White
"(459, 384)",1718177248.0,1718177284.96,36.96,White
"(647, 341)",1718177281.2,1718177285.75,4.55,Black
"(1012, 195)",1718177240.69,1718177286.8,46.11,White
"(459, 384)",1718177285.22,1718177287.32,2.1,White
"(1014, 256)",1718177285.49,1718177287.58,2.1,Violet
"(1040, 165)",1718177280.4,1718177288.11,7.71,White
"(294, 586)",1718177283.1,1718177289.97,6.87,Red
"(487, 353)",1718177287.85,1718177290.5,2.66,Blue
"(674, 557)",1718177279.31,1718177291.02,11.71,Red
"(384, 586)",1718177286.53,1718177291.02,4.49,White
"(1012, 195)",1718177287.85,1718177291.29,3.44,White
"(1107, 150)",1718177285.22,1718177292.37,7.15,Red
"(460, 399)",1718177281.2,1718177292.94,11.75,Red
"(766, 450)",1718177019.18,1718177293.46,274.28,Red
"(1042, 348)",1718177287.85,1718177294.84,6.99,Red
"(1014, 256)",1718177287.85,1718177295.65,7.8,Gray
"(923, 430)",1718177251.4,1718177296.71,45.31,Gray
"(949, 186)",1718177254.74,1718177296.71,41.97,Red
"(459, 493)",1718177268.37,1718177296.71,28.34,Blue
"(487, 353)",1718177291.57,1718177296.71,5.15,White
"(294, 433)",1718177293.73,1718177296.71,2.98,Gray
"(581, 499)",1718177280.13,1718177297.25,17.12,White
"(384, 586)",1718177291.57,1718177297.25,5.69,White
"(859, 542)",1718177018.71,1718177298.31,279.6,Green
"(171, 538)",1718177266.93,1718177298.31,31.38,Blue
"(171, 600)",1718177266.93,1718177298.85,31.92,White
"(923, 430)",1718177296.99,1718177301.53,4.54,Gray
"(647, 341)",1718177301.0,1718177303.09,2.09,Black
"(485, 445)",1718177018.6,1718177303.09,284.49,White
"(949, 186)",1718177296.99,1718177303.88,6.89,Red
"(859, 511)",1718177280.65,1718177306.02,25.36,White
"(832, 511)",1718177018.93,1718177306.83,287.89,Red
"(647, 341)",1718177304.15,1718177306.83,2.68,Black
"(580, 608)",1718177307.35,1718177309.49,2.14,Black
"(1040, 165)",1718177306.02,1718177309.79,3.77,White
"(921, 140)",1718177221.22,1718177310.06,88.84,Red
"(581, 499)",1718177301.53,1718177311.15,9.62,Blue
"(460, 399)",1718177296.71,1718177311.67,14.95,Red
"(487, 353)",1718177309.49,1718177311.67,2.18,Red
"(1014, 256)",1718177306.56,1718177312.19,5.63,White
"(1040, 165)",1718177310.34,1718177312.46,2.12,White
"(1014, 302)",1718177280.13,1718177312.98,32.86,White
"(1108, 271)",1718177018.93,1718177312.98,294.05,Red
"(1108, 210)",1718177245.82,1718177313.25,67.43,Red
"(765, 112)",1718177052.78,1718177313.25,260.47,Red
"(924, 509)",1718177018.93,1718177314.04,295.11,Blue
"(832, 511)",1718177310.06,1718177314.04,3.98,Black
"(948, 141)",1718177243.67,1718177314.3,70.63,Red
"(831, 388)",1718177170.19,1718177314.3,144.11,Gray
"(1041, 271)",1718177168.32,1718177314.63,146.31,Green
"(829, 143)",1718177019.18,1718177314.63,295.45,Red
"(582, 389)",1718177018.93,1718177314.63,295.7,Red
"(859, 511)",1718177312.46,1718177315.18,2.71,Black
"(674, 264)",1718177289.71,1718177315.71,26.0,White
"(459, 493)",1718177299.94,1718177315.99,16.04,Blue
"(384, 586)",1718177300.21,1718177315.99,15.78,Blue
"(1040, 165)",1718177312.73,1718177316.27,3.54,White
"(765, 143)",1718177018.71,1718177316.27,297.56,Red
"(923, 430)",1718177305.2,1718177316.56,11.36,Gray
"(766, 264)",1718177313.78,1718177317.08,3.3,Red
"(581, 342)",1718177243.94,1718177317.08,73.14,Red
"(738, 187)",1718177313.25,1718177317.61,4.36,Red
"(100, 513)",1718177315.18,1718177317.61,2.43,Blue
"(1041, 302)",1718177315.44,1718177317.87,2.44,Green
"(647, 341)",1718177315.18,1718177317.87,2.7,Black
"(949, 307)",1718177312.73,1718177318.14,5.41,Red
"(674, 233)",1718177266.63,1718177318.14,51.5,White
"(581, 499)",1718177313.25,1718177318.14,4.89,Gray
"(949, 186)",1718177313.78,1718177319.71,5.94,Red
"(294, 433)",1718177312.73,1718177319.98,7.25,Gray
"(766, 465)",1718177298.05,1718177320.5,22.46,Red
"(766, 526)",1718177318.14,1718177323.11,4.97,Red
"(1107, 150)",1718177322.58,1718177324.94,2.36,Red
"(1110, 362)",1718177018.71,1718177325.2,306.49,Red
"(830, 295)",1718177274.57,1718177325.76,51.19,Blue
"(582, 389)",1718177319.46,1718177325.76,6.3,Red
"(766, 526)",1718177323.37,1718177326.27,2.9,Red
"(580, 296)",1718177018.71,1718177327.07,308.35,Green
"(100, 513)",1718177323.11,1718177327.07,3.96,Black
"(1012, 195)",1718177291.84,1718177327.59,35.75,Gray
"(674, 233)",1718177318.67,1718177328.38,9.7,Yellow
"(859, 542)",1718177298.59,1718177330.72,32.13,Green
"(766, 526)",1718177327.33,1718177330.72,3.39,Red
"(647, 341)",1718177320.5,1718177330.72,10.22,White
"(294, 433)",1718177320.24,1718177330.72,10.48,Gray
"(831, 388)",1718177318.4,1718177331.26,12.86,Blue
"(949, 307)",1718177318.94,1718177331.53,12.59,Red
"(460, 399)",1718177327.59,1718177331.83,4.24,Red
"(645, 434)",1718177018.71,1718177332.58,313.86,Red
"(1107, 150)",1718177325.76,1718177334.03,8.27,Red
"(831, 388)",1718177332.58,1718177335.44,2.86,Black
"(580, 296)",1718177331.0,1718177335.44,4.44,Green
"(100, 513)",1718177332.33,1718177335.44,3.11,Black
"(1014, 332)",1718177018.71,1718177335.98,317.27,Blue
"(950, 324)",1718177018.71,1718177339.1,320.39,Blue
"(831, 388)",1718177335.7,1718177339.61,3.91,Blue
"(1107, 150)",1718177334.91,1718177340.4,5.48,Red
"(647, 341)",1718177336.5,1718177340.67,4.16,Black
"(766, 465)",1718177339.86,1718177342.86,3.0,Red
"(1045, 625)",1718177018.71,1718177343.64,324.93,Blue
"(100, 513)",1718177339.37,1718177346.53,7.17,Black
"(460, 399)",1718177343.38,1718177346.8,3.42,Red
"(487, 414)",1718177340.93,1718177350.26,9.32,Red
"(1107, 150)",1718177341.5,1718177352.37,10.87,Red
"(921, 140)",1718177317.08,1718177353.65,36.57,Red
"(460, 399)",1718177350.52,1718177353.91,3.39,Red
"(766, 526)",1718177346.53,1718177354.44,7.9,Red
"(580, 296)",1718177346.26,1718177354.44,8.18,Red
"(1018, 547)",1718177018.6,1718177355.46,336.85,Green
"(581, 342)",1718177317.35,1718177357.07,39.72,Red
"(294, 433)",1718177355.2,1718177357.33,2.13,Blue
"(674, 264)",1718177319.71,1718177357.59,37.88,White
"(950, 111)",1718177168.59,1718177357.84,189.25,Red
"(739, 341)",1718177018.71,1718177359.22,340.5,Red
"(674, 511)",1718177018.6,1718177359.22,340.61,Green
"(1110, 470)",1718177018.71,1718177359.48,340.77,Blue
"(922, 170)",1718177018.71,1718177360.32,341.6,Red
"(1040, 165)",1718177356.27,1718177360.58,4.31,White
"(831, 388)",1718177340.13,1718177360.84,20.71,Blue
"(1016, 486)",1718177018.71,1718177362.4,343.68,Red
"(1107, 150)",1718177360.32,1718177362.91,2.6,Red
"(460, 399)",1718177362.4,1718177364.73,2.33,Red
"(487, 414)",1718177361.37,1718177364.73,3.36,White
"(831, 449)",1718177018.71,1718177364.99,346.28,Black
"(833, 620)",1718177018.71,1718177364.99,346.28,Blue
"(739, 341)",1718177361.1,1718177364.99,3.89,Red
"(1040, 165)",1718177362.65,1718177365.77,3.12,White
"(950, 111)",1718177358.91,1718177366.35,7.44,Red
"(1107, 150)",1718177363.16,1718177366.61,3.45,Red
"(580, 296)",1718177364.73,1718177367.64,2.91,Red
"(674, 264)",1718177358.1,1718177368.43,10.32,White
"(487, 414)",1718177364.99,1718177368.43,3.43,Red
"(858, 449)",1718177364.47,1718177369.21,4.75,Red
"(1041, 318)",1718177018.71,1718177369.73,351.02,Red
"(580, 296)",1718177367.9,1718177370.52,2.63,Red
"(1108, 210)",1718177317.08,1718177371.05,53.97,Red
"(1014, 317)",1718177368.95,1718177372.09,3.15,Green
"(1040, 165)",1718177370.26,1718177372.9,2.63,White
"(949, 186)",1718177320.5,1718177372.9,52.39,Red
"(1107, 150)",1718177370.79,1718177373.18,2.39,Red
"(674, 264)",1718177369.48,1718177373.18,3.7,White
"(738, 112)",1718177018.6,1718177373.47,354.86,Gray
"(673, 172)",1718177018.71,1718177373.74,355.03,White
"(831, 388)",1718177361.1,1718177374.88,13.77,Black
"(647, 341)",1718177354.44,1718177374.88,20.44,Black
"(921, 140)",1718177353.91,1718177375.9,21.99,Red
"(580, 296)",1718177373.18,1718177376.46,3.28,Red
"(294, 433)",1718177364.73,1718177376.46,11.73,Gray
"(1107, 150)",1718177374.88,1718177376.98,2.11,Red
"(739, 341)",1718177365.52,1718177378.1,12.58,Red
"(1040, 165)",1718177373.47,1718177378.61,5.14,White
"(765, 249)",1718177018.71,1718177379.14,360.42,Red
"(581, 342)",1718177360.32,1718177379.14,18.82,Red
"(949, 186)",1718177373.47,1718177379.4,5.93,Red
"(674, 264)",1718177373.47,1718177379.66,6.19,Black
"(766, 465)",1718177377.24,1718177380.19,2.94,Red
"(766, 526)",1718177370.26,1718177380.47,10.2,Red
"(675, 542)",1718177018.71,1718177380.47,361.75,Red
"(921, 140)",1718177376.46,1718177380.73,4.27,Red
"(487, 414)",1718177368.69,1718177380.99,12.3,Red
"(1107, 150)",1718177377.24,1718177381.25,4.01,Red
"(294, 433)",1718177379.14,1718177381.25,2.12,Gray
"(1014, 256)",1718177379.4,1718177381.52,2.12,Violet
"(950, 111)",1718177370.52,1718177381.78,11.25,Red
"(831, 388)",1718177377.57,1718177381.78,4.21,Black
"(739, 450)",1718177018.71,1718177382.57,363.85,Blue
"(766, 435)",1718177051.63,1718177383.09,331.46,White
"(580, 296)",1718177379.66,1718177383.09,3.43,Red
"(100, 513)",1718177346.8,1718177383.88,37.08,Black
"(1040, 165)",1718177379.14,1718177384.15,5.01,White
"(739, 341)",1718177381.52,1718177384.41,2.89,Red
"(266, 586)",1718177319.21,1718177385.94,66.73,Blue
"(1108, 210)",1718177372.09,1718177386.2,14.11,Red
"(831, 388)",1718177384.15,1718177386.2,2.05,Black
"(766, 465)",1718177382.04,1718177386.2,4.16,Red
"(949, 215)",1718177384.41,1718177386.74,2.33,Red
"(922, 215)",1718177327.86,1718177387.02,59.16,Red
"(581, 342)",1718177381.78,1718177387.02,5.24,Red
"(460, 399)",1718177384.93,1718177387.02,2.09,Red
"(294, 433)",1718177381.52,1718177387.02,5.5,Blue
"(386, 510)",1718177018.6,1718177387.81,369.21,Red
"(923, 430)",1718177316.82,1718177388.32,71.5,Gray
"(485, 445)",1718177303.36,1718177388.32,84.96,Red
"(831, 388)",1718177386.74,1718177388.94,2.21,Black
"(765, 112)",1718177379.93,1718177388.94,9.02,Green
"(766, 465)",1718177387.02,1718177389.48,2.46,Red
"(1107, 150)",1718177383.88,1718177390.76,6.88,Red
"(949, 186)",1718177381.78,1718177390.76,8.99,Red
"(487, 414)",1718177389.99,1718177392.11,2.13,White
"(458, 477)",1718177317.08,1718177393.94,76.85,White
"(384, 586)",1718177391.59,1718177394.2,2.61,White
"(765, 112)",1718177391.3,1718177394.73,3.43,Green
"(100, 513)",1718177392.89,1718177395.25,2.36,Blue
"(765, 249)",1718177387.28,1718177396.09,8.8,Red
"(295, 478)",1718177246.65,1718177396.61,149.96,Blue
"(460, 399)",1718177389.99,1718177396.88,6.9,Red
"(1040, 165)",1718177394.2,1718177399.18,4.98,White
"(1107, 150)",1718177393.41,1718177399.18,5.77,Red
"(921, 125)",1718177018.71,1718177400.77,382.06,Red
"(923, 430)",1718177389.99,1718177400.77,10.79,Gray
"(765, 112)",1718177395.25,1718177400.77,5.52,Green
"(386, 510)",1718177389.74,1718177400.77,11.03,Red
"(267, 434)",1718177157.68,1718177400.77,243.09,Gray
"(738, 157)",1718177315.71,1718177401.05,85.34,Blue
"(738, 187)",1718177388.94,1718177401.05,12.11,Red
"(581, 342)",1718177391.03,1718177401.05,10.02,Red
"(581, 499)",1718177389.48,1718177401.05,11.57,Blue
"(294, 433)",1718177389.99,1718177401.05,11.06,Gray
"(1042, 423)",1718177018.93,1718177401.31,382.38,Green
"(1108, 210)",1718177398.14,1718177401.31,3.17,Red
"(948, 141)",1718177315.18,1718177401.31,86.14,Red
"(738, 249)",1718177018.93,1718177401.31,382.38,Red
"(739, 341)",1718177388.32,1718177401.31,12.99,Red
"(766, 295)",1718177209.35,1718177401.31,191.97,Blue
"(674, 233)",1718177330.72,1718177401.31,70.59,Black
"(647, 341)",1718177391.85,1718177401.31,9.46,Blue
"(486, 477)",1718177018.6,1718177401.31,382.71,White
"(95, 623)",1718177239.88,1718177401.31,161.43,Green
"(1012, 195)",1718177328.12,1718177401.56,73.45,Black
"(1107, 117)",1718177058.71,1718177401.56,342.85,Gray
"(923, 323)",1718177248.26,1718177401.56,153.3,Red
"(765, 204)",1718177318.67,1718177401.56,82.89,Red
"(487, 353)",1718177399.18,1718177401.56,2.38,Blue
"(294, 586)",1718177294.84,1718177401.56,106.73,Blue
"(266, 586)",1718177391.59,1718177401.56,9.98,Blue
"(921, 140)",1718177380.99,1718177401.83,20.84,Green
"(922, 215)",1718177387.28,1718177401.83,14.54,White
"(950, 111)",1718177382.83,1718177401.83,19.0,Red
"(858, 434)",1718177018.71,1718177401.83,383.11,Red
"(859, 480)",1718177270.24,1718177401.83,131.58,Red
"(739, 310)",1718177146.77,1718177401.83,255.06,Red
"(739, 466)",1718177018.6,1718177401.83,383.22,Blue
"(580, 281)",1718177349.45,1718177401.83,52.38,Red
"(582, 389)",1718177326.27,1718177401.83,75.56,Red
"(459, 384)",1718177287.58,1718177401.83,114.24,Blue
"(458, 462)",1718177018.71,1718177401.83,383.11,Blue
"(459, 493)",1718177318.94,1718177401.83,82.88,Blue
"(1041, 271)",1718177314.91,1718177402.12,87.21,Green
"(924, 509)",1718177314.3,1718177402.12,87.82,Gray
"(949, 307)",1718177331.83,1718177402.12,70.29,Red
"(830, 295)",1718177327.86,1718177402.12,74.26,Blue
"(831, 310)",1718177273.48,1718177402.12,128.64,Red
"(857, 279)",1718177063.16,1718177402.12,338.96,Red
"(859, 356)",1718177019.18,1718177402.12,382.94,Red
"(738, 234)",1718177018.93,1718177402.12,383.19,Red
"(766, 526)",1718177380.99,1718177402.12,21.13,Red
"(457, 554)",1718177243.67,1718177402.12,158.45,Black
"(384, 621)",1718177018.6,1718177402.12,383.52,Black
"(199, 616)",1718177018.6,1718177402.12,383.52,Red
"(1110, 438)",1718177018.93,1718177402.35,383.42,Blue
"(922, 96)",1718177019.18,1718177402.35,383.17,Blue
"(829, 143)",1718177315.18,1718177402.35,87.18,Blue
"(738, 127)",1718177018.71,1718177402.35,383.64,Green
"(766, 435)",1718177383.62,1718177402.35,18.73,Red
"(646, 233)",1718177018.93,1718177402.35,383.42,Red
"(647, 371)",1718177018.71,1718177402.35,383.64,Blue
"(554, 312)",1718177018.71,1718177402.35,383.64,Blue
"(552, 343)",1718177018.93,1718177402.35,383.42,Gray
"(459, 368)",1718177018.71,1718177402.35,383.64,Red
"(485, 445)",1718177388.94,1718177402.35,13.41,Blue
"(295, 462)",1718177244.99,1718177402.35,157.36,Green
"(171, 538)",1718177300.47,1718177402.35,101.89,Black
"(1015, 395)",1718177018.71,1718177402.58,383.86,Blue
"(1110, 486)",1718177018.71,1718177402.58,383.86,Blue
"(922, 230)",1718177018.71,1718177402.58,383.86,Green
"(831, 481)",1718177018.71,1718177402.58,383.86,Blue
"(738, 142)",1718177018.93,1718177402.58,383.64,Green
"(738, 218)",1718177018.93,1718177402.58,383.64,Red
"(766, 588)",1718177018.93,1718177402.58,383.64,Red
"(647, 387)",1718177018.93,1718177402.58,383.64,Blue
"(646, 419)",1718177128.39,1718177402.58,274.19,Blue
"(553, 266)",1718177099.07,1718177402.58,303.51,Blue
"(555, 297)",1718177241.79,1718177402.58,160.79,Red
"(294, 524)",1718177298.85,1718177402.58,103.72,Blue
"(200, 522)",1718177238.53,1718177402.58,164.05,Red
"(1039, 210)",1718177018.71,1718177402.79,384.08,Red
"(1046, 547)",1718177018.71,1718177402.79,384.08,Blue
"(1108, 271)",1718177313.78,1718177402.79,89.01,Red
"(1109, 316)",1718177018.71,1718177402.79,384.08,Red
"(1110, 347)",1718177018.71,1718177402.79,384.08,Blue
"(1110, 516)",1718177018.71,1718177402.79,384.08,Red
"(922, 200)",1718177261.66,1718177402.79,141.13,Red
"(948, 126)",1718177207.41,1718177402.79,195.38,Green
"(949, 171)",1718177018.93,1718177402.79,383.86,Red
"(951, 540)",1718177018.71,1718177402.79,384.08,Blue
"(830, 173)",1718177018.71,1718177402.79,384.08,Red
"(830, 203)",1718177018.93,1718177402.79,383.86,Red
"(830, 279)",1718177018.93,1718177402.79,383.86,Red
"(831, 356)",1718177018.71,1718177402.79,384.08,Red
"(831, 403)",1718177018.93,1718177402.79,383.86,Blue
"(831, 433)",1718177018.71,1718177402.79,384.08,Red
"(831, 465)",1718177018.71,1718177402.79,384.08,Blue
"(832, 527)",1718177018.93,1718177402.79,383.86,Blue
"(857, 128)",1718177236.06,1718177402.79,166.73,Red
"(739, 326)",1718177018.71,1718177402.79,384.08,Blue
"(766, 311)",1718177241.51,1718177402.79,161.28,Blue
"(766, 356)",1718177018.71,1718177402.79,384.08,Red
"(765, 512)",1718177018.71,1718177402.79,384.08,Red
"(673, 148)",1718177018.93,1718177402.79,383.86,Unknown
"(645, 172)",1718177018.93,1718177402.79,383.86,Gray
"(674, 325)",1718177018.71,1718177402.79,384.08,Red
"(646, 496)",1718177243.94,1718177402.79,158.85,Blue
"(581, 242)",1718177018.93,1718177402.79,383.86,Blue
"(580, 296)",1718177383.88,1718177402.79,18.91,Green
"(551, 436)",1718177018.6,1718177402.79,384.19,Red
"(458, 524)",1718177018.71,1718177402.79,384.08,Red
"(457, 539)",1718177018.71,1718177402.79,384.08,Red
"(487, 398)",1718177271.37,1718177402.79,131.42,Red
"(294, 539)",1718177018.93,1718177402.79,383.86,Blue
"(387, 459)",1718177095.55,1718177402.79,307.24,Blue
"(388, 446)",1718177018.71,1718177402.79,384.08,Red
"(171, 506)",1718177115.89,1718177402.79,286.9,Red
"(100, 489)",1718177018.6,1718177402.79,384.19,Blue
"(1013, 164)",1718177114.02,1718177403.01,288.98,Blue
"(1014, 240)",1718177157.15,1718177403.01,245.86,Blue
"(1016, 363)",1718177018.71,1718177403.01,384.29,Red
"(1015, 455)",1718177018.71,1718177403.01,384.29,Red
"(1018, 578)",1718177018.71,1718177403.01,384.29,Blue
"(1042, 333)",1718177018.71,1718177403.01,384.29,Red
"(922, 111)",1718177018.71,1718177403.01,384.29,Blue
"(922, 185)",1718177018.71,1718177403.01,384.29,Red
"(923, 277)",1718177018.71,1718177403.01,384.29,Blue
"(924, 493)",1718177018.71,1718177403.01,384.29,Blue
"(950, 200)",1718177018.71,1718177403.01,384.29,Green
"(950, 338)",1718177259.53,1718177403.01,143.48,Green
"(950, 384)",1718177018.93,1718177403.01,384.08,Green
"(952, 555)",1718177018.71,1718177403.01,384.29,Green
"(830, 158)",1718177018.71,1718177403.01,384.29,Green
"(830, 188)",1718177018.71,1718177403.01,384.29,Green
"(831, 418)",1718177018.93,1718177403.01,384.08,Blue
"(857, 159)",1718177164.82,1718177403.01,238.19,Red
"(859, 542)",1718177332.58,1718177403.01,70.43,Green
"(739, 387)",1718177018.71,1718177403.01,384.29,Red
"(739, 418)",1718177018.6,1718177403.01,384.4,Red
"(766, 127)",1718177018.71,1718177403.01,384.29,Green
"(767, 387)",1718177279.04,1718177403.01,123.97,Blue
"(766, 573)",1718177018.71,1718177403.01,384.29,Blue
"(674, 248)",1718177018.71,1718177403.01,384.29,Green
"(674, 295)",1718177018.71,1718177403.01,384.29,Blue
"(674, 310)",1718177299.66,1718177403.01,103.34,Blue
"(675, 371)",1718177018.93,1718177403.01,384.08,Blue
"(675, 402)",1718177018.71,1718177403.01,384.29,Blue
"(646, 203)",1718177018.71,1718177403.01,384.29,Blue
"(646, 279)",1718177018.71,1718177403.01,384.29,Blue
"(646, 325)",1718177018.93,1718177403.01,384.08,Red
"(647, 403)",1718177018.71,1718177403.01,384.29,Blue
"(580, 266)",1718177018.71,1718177403.01,384.29,Blue
"(580, 592)",1718177018.6,1718177403.01,384.4,Blue
"(579, 624)",1718177018.71,1718177403.01,384.29,Blue
"(554, 282)",1718177018.71,1718177403.01,384.29,Blue
"(551, 359)",1718177018.71,1718177403.01,384.29,Blue
"(550, 375)",1718177018.93,1718177403.01,384.08,Blue
"(550, 390)",1718177018.93,1718177403.01,384.08,Red
"(550, 406)",1718177018.93,1718177403.01,384.08,Violet
"(460, 429)",1718177353.4,1718177403.01,49.61,Red
"(486, 493)",1718177018.71,1718177403.01,384.29,Blue
"(485, 524)",1718177018.71,1718177403.01,384.29,Blue
"(486, 570)",1718177018.6,1718177403.01,384.4,Blue
"(295, 493)",1718177018.6,1718177403.01,384.4,Blue
"(384, 608)",1718177018.71,1718177403.01,384.29,Blue
"(385, 598)",1718177019.18,1718177403.01,383.83,Red
"(387, 535)",1718177018.93,1718177403.01,384.08,Red
"(387, 434)",1718177018.71,1718177403.01,384.29,Blue
"(266, 461)",1718177139.96,1718177403.01,263.05,Black
"(266, 477)",1718177018.71,1718177403.01,384.29,Blue
"(266, 509)",1718177193.2,1718177403.01,209.8,Blue
"(198, 460)",1718177018.71,1718177403.01,384.29,Blue
"(198, 570)",1718177018.6,1718177403.01,384.4,Blue
"(171, 475)",1718177018.93,1718177403.01,384.08,Blue
"(171, 522)",1718177069.32,1718177403.01,333.69,Blue
"(358, 433)",1718177018.71,1718177403.01,384.29,Red
"(358, 621)",1718177018.71,1718177403.01,384.29,Red
"(1012, 179)",1718177018.71,1718177403.19,384.48,Blue
"(1013, 225)",1718177018.71,1718177403.19,384.48,Blue
"(1015, 348)",1718177018.71,1718177403.19,384.48,Blue
"(1015, 379)",1718177018.6,1718177403.19,384.59,Gray
"(1015, 409)",1718177018.71,1718177403.19,384.48,Violet
"(1015, 440)",1718177018.71,1718177403.19,384.48,Blue
"(1015, 471)",1718177018.71,1718177403.19,384.48,Blue
"(1040, 180)",1718177018.71,1718177403.19,384.48,Green
"(1108, 240)",1718177018.71,1718177403.19,384.48,Red
"(1108, 301)",1718177086.34,1718177403.19,316.85,Red
"(1110, 377)",1718177018.71,1718177403.19,384.48,Green
"(1110, 407)",1718177157.68,1718177403.19,245.51,Blue
"(1110, 501)",1718177018.71,1718177403.19,384.48,Blue
"(1112, 577)",1718177018.93,1718177403.19,384.26,Blue
"(923, 308)",1718177018.71,1718177403.19,384.48,Blue
"(923, 338)",1718177019.18,1718177403.19,384.01,Green
"(923, 384)",1718177018.71,1718177403.19,384.48,Green
"(923, 414)",1718177018.71,1718177403.19,384.48,Green
"(924, 540)",1718177018.71,1718177403.19,384.48,Green
"(924, 555)",1718177018.71,1718177403.19,384.48,Red
"(949, 96)",1718177018.71,1718177403.19,384.48,Blue
"(949, 246)",1718177018.6,1718177403.19,384.59,Red
"(951, 429)",1718177018.71,1718177403.19,384.48,Blue
"(951, 570)",1718177018.93,1718177403.19,384.26,Green
"(829, 113)",1718177018.71,1718177403.19,384.48,Blue
"(830, 219)",1718177041.83,1718177403.19,361.36,Blue
"(830, 234)",1718177108.28,1718177403.19,294.91,Blue
"(830, 264)",1718177018.71,1718177403.19,384.48,Blue
"(831, 325)",1718177018.71,1718177403.19,384.48,Green
"(832, 542)",1718177294.57,1718177403.19,108.62,Green
"(856, 113)",1718177018.71,1718177403.19,384.48,Red
"(858, 264)",1718177018.71,1718177403.19,384.48,Green
"(858, 295)",1718177018.93,1718177403.19,384.26,Blue
"(858, 311)",1718177344.42,1718177403.19,58.77,Blue
"(858, 372)",1718177018.71,1718177403.19,384.48,Blue
"(859, 419)",1718177168.32,1718177403.19,234.87,Red
"(860, 588)",1718177379.4,1718177403.19,23.79,Blue
"(738, 172)",1718177018.71,1718177403.19,384.48,Green
"(738, 203)",1718177018.71,1718177403.19,384.48,Blue
"(738, 264)",1718177018.71,1718177403.19,384.48,Green
"(738, 279)",1718177018.71,1718177403.19,384.48,Red
"(739, 372)",1718177018.71,1718177403.19,384.48,Blue
"(739, 403)",1718177018.71,1718177403.19,384.48,Blue
"(739, 434)",1718177018.6,1718177403.19,384.59,Gray
"(739, 481)",1718177085.23,1718177403.19,317.96,Green
"(766, 158)",1718177018.71,1718177403.19,384.48,Blue
"(765, 172)",1718177018.6,1718177403.19,384.59,Red
"(765, 188)",1718177018.71,1718177403.19,384.48,Unknown
"(766, 326)",1718177018.71,1718177403.19,384.48,Green
"(766, 341)",1718177018.71,1718177403.19,384.48,Blue
"(767, 371)",1718177018.71,1718177403.19,384.48,Green
"(767, 403)",1718177018.71,1718177403.19,384.48,Blue
"(766, 419)",1718177018.6,1718177403.19,384.59,Blue
"(673, 187)",1718177247.47,1718177403.19,155.72,Green
"(673, 202)",1718177018.71,1718177403.19,384.48,Blue
"(674, 217)",1718177018.71,1718177403.19,384.48,Red
"(675, 418)",1718177018.71,1718177403.19,384.48,Blue
"(676, 433)",1718177018.71,1718177403.19,384.48,Red
"(675, 464)",1718177018.71,1718177403.19,384.48,Green
"(645, 187)",1718177018.71,1718177403.19,384.48,Green
"(646, 218)",1718177018.71,1718177403.19,384.48,Green
"(646, 264)",1718177018.71,1718177403.19,384.48,Green
"(646, 294)",1718177018.71,1718177403.19,384.48,Green
"(646, 310)",1718177018.71,1718177403.19,384.48,Unknown
"(647, 356)",1718177018.71,1718177403.19,384.48,Green
"(580, 406)",1718177018.6,1718177403.19,384.59,Blue
"(581, 421)",1718177018.71,1718177403.19,384.48,Red
"(581, 437)",1718177018.6,1718177403.19,384.59,Blue
"(581, 453)",1718177018.6,1718177403.19,384.59,Blue
"(581, 483)",1718177018.6,1718177403.19,384.59,Green
"(553, 327)",1718177018.71,1718177403.19,384.48,Blue
"(551, 421)",1718177018.71,1718177403.19,384.48,Green
"(457, 446)",1718177018.71,1718177403.19,384.48,Unknown
"(458, 509)",1718177018.71,1718177403.19,384.48,Blue
"(457, 585)",1718177018.71,1718177403.19,384.48,Blue
"(487, 383)",1718177151.17,1718177403.19,252.02,Blue
"(486, 508)",1718177018.6,1718177403.19,384.59,Green
"(486, 554)",1718177019.18,1718177403.19,384.01,Blue
"(485, 601)",1718177018.6,1718177403.19,384.59,Red
"(485, 617)",1718177018.71,1718177403.19,384.48,Blue
"(295, 617)",1718177018.71,1718177403.19,384.48,Blue
"(386, 561)",1718177018.71,1718177403.19,384.48,Blue
"(386, 523)",1718177018.71,1718177403.19,384.48,Green
"(386, 422)",1718177018.6,1718177403.19,384.59,Green
"(266, 493)",1718177240.69,1718177403.19,162.51,Black
"(266, 541)",1718177018.71,1718177403.19,384.48,Blue
"(266, 601)",1718177018.71,1718177403.19,384.48,Green
"(266, 617)",1718177018.71,1718177403.19,384.48,Blue
"(199, 475)",1718177018.71,1718177403.19,384.48,Green
"(100, 545)",1718177018.6,1718177403.19,384.59,Blue
"(99, 576)",1718177018.6,1718177403.19,384.59,Blue
"(358, 396)",1718177203.92,1718177403.19,199.27,Blue
"(359, 422)",1718177018.6,1718177403.19,384.59,Red
"(359, 534)",1718177018.71,1718177403.19,384.48,Blue
"(360, 547)",1718177018.71,1718177403.19,384.48,Red
"(358, 572)",1718177018.71,1718177403.19,384.48,Black
"(359, 585)",1718177018.71,1718177403.19,384.48,Red
"(1012, 210)",1718177287.32,1718177403.34,116.02,Blue
"(1014, 286)",1718177018.71,1718177403.34,384.63,Green
"(1040, 195)",1718177018.71,1718177403.34,384.63,Green
"(1040, 225)",1718177252.21,1718177403.34,151.14,Green
"(1041, 240)",1718177018.93,1718177403.34,384.41,Red
"(1042, 362)",1718177018.6,1718177403.34,384.74,Blue
"(1042, 408)",1718177018.71,1718177403.34,384.63,Blue
"(1045, 563)",1718177018.71,1718177403.34,384.63,Blue
"(1107, 165)",1718177018.6,1718177403.34,384.74,Blue
"(1107, 225)",1718177018.71,1718177403.34,384.63,Violet
"(1108, 256)",1718177018.71,1718177403.34,384.63,Violet
"(1108, 287)",1718177018.71,1718177403.34,384.63,Blue
"(1110, 454)",1718177018.71,1718177403.34,384.63,Blue
"(922, 155)",1718177018.71,1718177403.34,384.63,Blue
"(922, 170)",1718177368.95,1718177403.34,34.4,Blue
"(923, 262)",1718177018.71,1718177403.34,384.63,Blue
"(923, 292)",1718177102.32,1718177403.34,301.02,Blue
"(924, 477)",1718177018.71,1718177403.34,384.63,Blue
"(948, 156)",1718177018.71,1718177403.34,384.63,Green
"(950, 262)",1718177306.02,1718177403.34,97.33,Violet
"(950, 292)",1718177082.71,1718177403.34,320.63,Blue
"(951, 399)",1718177018.71,1718177403.34,384.63,Green
"(951, 445)",1718177018.71,1718177403.34,384.63,Blue
"(952, 461)",1718177018.71,1718177403.34,384.63,Blue
"(953, 617)",1718177018.71,1718177403.34,384.63,Blue
"(831, 341)",1718177018.71,1718177403.34,384.63,Blue
"(831, 372)",1718177018.6,1718177403.34,384.74,Blue
"(832, 573)",1718177018.71,1718177403.34,384.63,Blue
"(857, 143)",1718177018.71,1718177403.34,384.63,Green
"(857, 204)",1718177269.71,1718177403.34,133.63,Red
"(858, 234)",1718177018.71,1718177403.34,384.63,Blue
"(859, 341)",1718177018.71,1718177403.34,384.63,Blue
"(858, 404)",1718177018.6,1718177403.34,384.74,Blue
"(859, 465)",1718177018.6,1718177403.34,384.74,Blue
"(738, 295)",1718177018.71,1718177403.34,384.63,Blue
"(739, 511)",1718177018.6,1718177403.34,384.74,Green
"(739, 588)",1718177367.39,1718177403.34,35.95,Blue
"(765, 143)",1718177325.2,1718177403.34,78.15,Blue
"(765, 219)",1718177018.71,1718177403.34,384.63,Green
"(766, 279)",1718177018.6,1718177403.34,384.74,Green
"(765, 496)",1718177018.71,1718177403.34,384.63,Red
"(767, 542)",1718177018.71,1718177403.34,384.63,Blue
"(675, 340)",1718177018.71,1718177403.34,384.63,Green
"(675, 355)",1718177018.71,1718177403.34,384.63,Red
"(675, 386)",1718177018.71,1718177403.34,384.63,Green
"(674, 527)",1718177032.82,1718177403.34,370.52,Blue
"(673, 620)",1718177018.71,1718177403.34,384.63,Blue
"(645, 511)",1718177018.6,1718177403.34,384.74,Green
"(580, 311)",1718177018.71,1718177403.34,384.63,Blue
"(581, 327)",1718177018.71,1718177403.34,384.63,Blue
"(581, 358)",1718177018.71,1718177403.34,384.63,Blue
"(581, 374)",1718177018.6,1718177403.34,384.74,Blue
"(552, 451)",1718177018.71,1718177403.34,384.63,Green
"(553, 467)",1718177018.71,1718177403.34,384.63,Blue
"(553, 576)",1718177018.71,1718177403.34,384.63,Blue
"(459, 353)",1718177018.71,1718177403.34,384.63,Violet
"(458, 477)",1718177399.46,1718177403.34,3.89,Green
"(457, 570)",1718177018.6,1718177403.34,384.74,Blue
"(457, 601)",1718177328.9,1718177403.34,74.45,Blue
"(487, 367)",1718177195.08,1718177403.34,208.26,Blue
"(487, 429)",1718177018.71,1718177403.34,384.63,Green
"(485, 540)",1718177018.71,1718177403.34,384.63,Violet
"(486, 586)",1718177018.71,1718177403.34,384.63,Blue
"(294, 508)",1718177018.71,1718177403.34,384.63,Blue
"(294, 555)",1718177313.78,1718177403.34,89.57,Blue
"(294, 571)",1718177018.6,1718177403.34,384.74,Blue
"(387, 547)",1718177018.71,1718177403.34,384.63,Green
"(387, 473)",1718177018.93,1718177403.34,384.41,Red
"(386, 409)",1718177018.6,1718177403.34,384.74,Red
"(266, 525)",1718177018.6,1718177403.34,384.74,Blue
"(266, 556)",1718177018.71,1718177403.34,384.63,Blue
"(200, 507)",1718177018.6,1718177403.34,384.74,Blue
"(201, 538)",1718177018.6,1718177403.34,384.74,Blue
"(198, 585)",1718177018.6,1718177403.34,384.74,Blue
"(172, 616)",1718177018.6,1718177403.34,384.74,Blue
"(99, 560)",1718177096.37,1718177403.34,306.97,Black
"(98, 608)",1718177018.6,1718177403.34,384.74,Blue
"(357, 446)",1718177018.71,1718177403.34,384.63,Blue
"(359, 485)",1718177018.71,1718177403.34,384.63,Red
"(359, 497)",1718177018.71,1718177403.34,384.63,Blue
"(359, 521)",1718177018.71,1718177403.34,384.63,Red
"(360, 560)",1718177018.71,1718177403.34,384.63,Blue
"(1018, 609)",1718177018.6,1718177403.45,384.85,Green
"(1041, 287)",1718177018.6,1718177403.45,384.85,Blue
"(1041, 318)",1718177374.3,1718177403.45,29.15,Blue
"(1042, 378)",1718177018.6,1718177403.45,384.85,Blue
"(1046, 594)",1718177018.6,1718177403.45,384.85,Blue
"(1106, 135)",1718177018.6,1718177403.45,384.85,Blue
"(1108, 195)",1718177018.6,1718177403.45,384.85,Blue
"(923, 353)",1718177018.6,1718177403.45,384.85,Blue
"(950, 231)",1718177294.84,1718177403.45,108.61,Blue
"(951, 414)",1718177018.71,1718177403.45,384.74,Black
"(952, 477)",1718177018.71,1718177403.45,384.74,Blue
"(952, 585)",1718177018.6,1718177403.45,384.85,Green
"(953, 600)",1718177018.6,1718177403.45,384.85,Red
"(830, 128)",1718177018.71,1718177403.45,384.74,Blue
"(832, 496)",1718177018.6,1718177403.45,384.85,Green
"(858, 174)",1718177178.17,1718177403.45,225.29,Green
"(857, 189)",1718177018.6,1718177403.45,384.85,Red
"(858, 326)",1718177018.6,1718177403.45,384.85,Green
"(739, 527)",1718177018.6,1718177403.45,384.85,Blue
"(765, 235)",1718177018.71,1718177403.45,384.74,Blue
"(766, 481)",1718177124.03,1718177403.45,279.42,Blue
"(674, 280)",1718177018.6,1718177403.45,384.85,Blue
"(675, 480)",1718177038.76,1718177403.45,364.69,Blue
"(674, 572)",1718177018.6,1718177403.45,384.85,Blue
"(674, 604)",1718177018.6,1718177403.45,384.85,Blue
"(646, 480)",1718177018.71,1718177403.45,384.74,Blue
"(581, 530)",1718177018.71,1718177403.45,384.74,Violet
"(553, 498)",1718177018.6,1718177403.45,384.85,Green
"(553, 514)",1718177054.17,1718177403.45,349.28,Blue
"(460, 414)",1718177018.6,1718177403.45,384.85,Green
"(486, 461)",1718177018.6,1718177403.45,384.85,Blue
"(386, 395)",1718177018.6,1718177403.45,384.85,Blue
"(385, 572)",1718177093.35,1718177403.45,310.1,Green
"(387, 485)",1718177018.71,1718177403.45,384.74,Red
"(266, 571)",1718177073.2,1718177403.45,330.25,Blue
"(199, 491)",1718177018.71,1718177403.45,384.74,Black
"(199, 553)",1718177018.6,1718177403.45,384.85,Blue
"(198, 601)",1718177018.6,1718177403.45,384.85,Blue
"(172, 569)",1718177312.73,1718177403.45,90.73,Violet
"(171, 600)",1718177311.93,1718177403.45,91.52,Blue
"(99, 592)",1718177018.71,1718177403.45,384.74,Blue
"(361, 410)",1718177018.71,1718177403.45,384.74,Blue
"(361, 473)",1718177018.6,1718177403.45,384.85,Red
"(356, 608)",1718177018.6,1718177403.45,384.85,Red
"(1017, 516)",1718177018.6,1718177403.55,384.94,Green
"(1045, 515)",1718177018.6,1718177403.55,384.94,Green
"(1043, 531)",1718177018.6,1718177403.55,384.94,Black
"(857, 219)",1718177018.6,1718177403.55,384.94,Blue
"(859, 557)",1718177018.6,1718177403.55,384.94,Green
"(486, 329)",1718177018.6,1718177403.55,384.94,Blue
"(295, 601)",1718177018.6,1718177403.55,384.94,Green
"(386, 497)",1718177018.6,1718177403.55,384.94,Green
"(172, 491)",1718177018.71,1718177403.55,384.83,Blue
"(172, 553)",1718177018.6,1718177403.55,384.94,Green
"(171, 584)",1718177018.71,1718177403.55,384.83,Black
"(99, 529)",1718177018.71,1718177403.55,384.83,Blue
"(361, 460)",1718177018.6,1718177403.55,384.94,Blue
"(360, 510)",1718177019.44,1718177403.55,384.11,Green
"(358, 598)",1718177018.71,1718177403.55,384.83,Blue
